Month/Year,Actual ONI,Predicted 1 months before,Predicted 2 months before,Predicted 4 months before,Predicted 6 months before,Predicted 8 months before,Predicted 12 months before,Predicted 24 months before
1990-01-01,0.14,-0.09251394356315379,-0.1878264532331933,-0.24874268635558158,-0.35402930306424146,-0.7154677316506065,-1.761119771978321,1.0324113270177515
1990-02-01,0.21,0.06518603326146918,-0.10285441335162006,-0.23396401582654677,-0.30142888936523715,-0.5126052872108523,-1.502793004260972,0.7862470632575791
1990-03-01,0.28,0.20585916542370053,0.04853999519388988,-0.190880781299101,-0.26143885451615356,-0.3714254053055172,-1.2115113966839945,0.4250205504980074
1990-04-01,0.29,0.25512842489928506,0.17953016755953155,-0.09972959143901669,-0.23311175168883047,-0.2924553441549306,-0.9864892028839548,0.11596618921313744
1990-05-01,0.29,0.2898867521544106,0.27079000573120443,0.04241011472244911,-0.1826841798338577,-0.2574719663539746,-0.7051644146196785,-0.11164147871776532
1990-06-01,0.31,0.2909642780051434,0.28606218060093336,0.168071960988566,-0.10486800909911007,-0.23475381275749418,-0.4862011100303852,-0.6505394915401093
1990-07-01,0.33,0.3086887954414762,0.2900405356528205,0.24560027763947134,0.044198257001304676,-0.19742163025955892,-0.34006294618169935,-1.1567452167538732
1990-08-01,0.38,0.32936650224897435,0.2990319919629542,0.283158668378817,0.17461936478012843,-0.11009748691146652,-0.2897001947197294,-1.1897799344529756
1990-09-01,0.39,0.3795251228729504,0.32700344152898697,0.2886582629280454,0.24613272378079065,0.061969215148709865,-0.25790150641230625,-1.204776554956686
1990-10-01,0.35,0.38378969781715977,0.37615025577489314,0.29954462115354913,0.2841004392069093,0.17573493352259228,-0.23257542151981456,-1.2402526443914574
1990-11-01,0.4,0.3700781298328424,0.38722708236191034,0.3273403719947014,0.28857116856219345,0.24182050235938585,-0.19589761234385966,-1.464834151449129
1990-12-01,0.41,0.394524413309813,0.3688349779359526,0.35632656941806756,0.29883855326815884,0.28446295818662687,-0.10999011149086071,-1.7891493053881464
1991-01-01,0.41,0.4103422300381016,0.37313893138441917,0.3902379442161107,0.3272506244627895,0.28900633526056063,0.056255745708242925,-1.7604609226273618
1991-02-01,0.26,0.4087131300455016,0.41051047785273953,0.34982281533363624,0.35780620633912985,0.29848316202689995,0.17141412061335115,-1.5331474107278789
1991-03-01,0.22,0.33318268987660743,0.40594887414278386,0.39848009393933354,0.3880704699069042,0.31867384138856913,0.23650664372604385,-1.3198449455374575
1991-04-01,0.26,0.23552842454640394,0.32625489061015794,0.40417039338581745,0.3681129120876005,0.35361181480287546,0.28534592732863384,-0.9726032969039093
1991-05-01,0.45,0.24264743177471182,0.2421422006773166,0.4026099916748733,0.39529772219522047,0.3859761288131603,0.2880044601730352,-0.6643688797676299
1991-06-01,0.64,0.3719180640863069,0.2438547081441471,0.2682752607804155,0.4106100681476791,0.3692523050500177,0.30012828751677406,-0.5045908399300543
1991-07-01,0.73,0.639274143906044,0.3762906795717184,0.2238880472868458,0.4082996162234297,0.3880944401348572,0.3175252497666227,-0.3557639811578983
1991-08-01,0.64,0.7288538915060846,0.5576702201875583,0.24138469446827676,0.3322911442654784,0.40419405051998913,0.3543369753705183,-0.3092217725294622
1991-09-01,0.62,0.641009174988391,0.7289779673339932,0.34132896910682636,0.23982502443145257,0.41250516162854073,0.38079683202494474,-0.26512221721640283
1991-10-01,0.79,0.6181864222532366,0.6412415501441221,0.5592866734693083,0.2533423995608369,0.26051277258791256,0.36712010638800835,-0.2191712381473488
1991-11-01,1.21,0.7872076820046794,0.6215404647317123,0.6919060837042176,0.44054003401480885,0.22147367001535648,0.3764016513955855,-0.18272380848247838
1991-12-01,1.53,1.200176569397332,0.7841756017569114,0.680630196876539,0.5586382249881771,0.238906681062979,0.40382826833944413,-0.0945025765327312
1992-01-01,1.71,1.5291937992777949,1.202553601447665,0.6171769526758119,0.6822014790674897,0.3488556044255665,0.409980840830842,0.040606469932588256
1992-02-01,1.63,1.709327826912002,1.5299721119697207,0.7863144985790661,0.6802681550522446,0.6320040351287849,0.3208695615523448,0.18303099969347084
1992-03-01,1.48,1.6305640700692128,1.7091419825621519,1.2083468224494593,0.6266188702592697,0.7250733502497191,0.2239040104594771,0.2437201742027471
1992-04-01,1.29,1.4820957367936693,1.6301714157528786,1.5289829482921211,0.7118352499602286,0.678688836822323,0.24047023494518438,0.2798950634432773
1992-05-01,1.06,1.2949423588267546,1.4833057370379195,1.7089085040729914,1.2082916090721993,0.628433735282964,0.439661164085149,0.28744619550722167
1992-06-01,0.73,1.060290539420305,1.2937999416190094,1.6314126552295434,1.5293550669162785,0.7107872188014365,0.6378264554889312,0.3011855102290767
1992-07-01,0.37,0.7347263071053188,1.0676949400783935,1.4807881447888325,1.7087534657949373,1.007020723109855,0.7285747683316354,0.32223316625214765
1992-08-01,0.09,0.37312190680112334,0.7331678022558243,1.29133681440108,1.6310436996971784,1.3525926670988497,0.6867056183720044,0.35248464141551233
1992-09-01,-0.13,0.09351785973652209,0.3729627100236024,1.061845225451499,1.4808341423315687,1.7102640953852712,0.6277265058920601,0.3880881393662486
1992-10-01,-0.25,-0.12589900417350378,0.0935535360605433,0.7308691851592337,1.290887623380677,1.631450658827819,0.7716283565648501,0.3753740669068408
1992-11-01,-0.28,-0.24784666111807405,-0.12561166980412233,0.3844196657768827,1.061179884649563,1.480598256738807,1.1985941182707227,0.3809175656026966
1992-12-01,-0.13,-0.2744179805496303,-0.24692106022032037,0.09103502834119138,0.7311604018143105,1.290823594024969,1.4046234259250225,0.3968756271238072
1993-01-01,0.09,-0.13215492108948215,-0.27519903346010843,-0.12724247639212877,0.3727085351012209,1.0608761925267864,1.6186380419692528,0.4058760688123617
1993-02-01,0.3,0.08454463188645049,-0.13098884639161754,-0.2477301953670441,0.09130114754341871,0.73120673192936,1.6637496329671084,0.34321850372493423
1993-03-01,0.5,0.29574683875300917,0.08359939662870007,-0.2777535748511775,-0.11604102919269411,0.3703888483448341,1.544626571375905,0.24646768089219384
1993-04-01,0.67,0.496191069834062,0.2962910481010934,-0.1306121764742081,-0.24797082818722527,0.089802100330488,1.3602175036529571,0.2453657440226772
1993-05-01,0.7,0.6663395695375687,0.4936690069928729,0.08690941299182682,-0.27717887833927507,-0.12632846108943047,1.061435259845789,0.3538187814899367
1993-06-01,0.57,0.6988706428756941,0.6631301615682579,0.29860854700321615,-0.13298332410504657,-0.24661715063706688,0.7316896594112222,0.5535608811311616
1993-07-01,0.32,0.5742759573189317,0.6951771439113508,0.49814890763015973,0.08654876217445144,-0.27422342759764645,0.37106926645348653,0.6850594235565505
1993-08-01,0.25,0.32379034044273813,0.573568153025938,0.6629838483045838,0.2976561110845198,-0.13602366383811504,0.09186862729190777,0.6806831463104186
1993-09-01,0.15,0.2511713073555901,0.33181581682233935,0.6958773362866905,0.49408095895405946,0.08465179792325322,-0.1281224361946197,0.6324492801287237
1993-10-01,0.1,0.15179475857720837,0.25360825474570425,0.5711723633036914,0.6612686068826282,0.2953306944943917,-0.24902085997715795,0.6969513690402374
1993-11-01,0.04,0.10387150754653111,0.14970011452414989,0.326474492526705,0.6945479458200073,0.4946021446662667,-0.2786401103871181,1.0121975510481136
1993-12-01,0.06,0.0433303721631385,0.10405492830222475,0.2516882281451435,0.5745445778335864,0.6628971313640688,-0.13042008691066298,1.3943731924975926
1994-01-01,0.06,0.05884527435257615,0.04524266915650163,0.14988440064000538,0.32197645603836317,0.6933573791215154,0.08886357261725719,1.704425807569393
1994-02-01,0.07,0.05956287066052441,0.057753384974758445,0.10210740540794187,0.2546743102799338,0.5737860418315734,0.2956516734836597,1.6561639614542654
1994-03-01,0.17,0.06674053317543263,0.061046132681001265,0.04377107555478097,0.1579547154482014,0.32146144988403635,0.4916594159886173,1.497299795245056
1994-04-01,0.31,0.1674785452487568,0.06420194907304193,0.05820838969075216,0.10783971993887025,0.25788152801611974,0.6699865817281665,1.3853303951472111
1994-05-01,0.42,0.305605621051288,0.16406677145430712,0.060923990155167425,0.0462303836720198,0.15513078967587052,0.6976964230399235,1.0761209634803615
1994-06-01,0.41,0.4154402072409701,0.30406698388252956,0.06841390778431179,0.0592298585031637,0.1076088360437596,0.5722714449408085,0.7320190928247846
1994-07-01,0.44,0.4102530306340106,0.4143513543008605,0.16851256433776057,0.06028635657257012,0.04663208209250752,0.3223804741694081,0.37122401086087203
1994-08-01,0.43,0.4318560126929981,0.4098671294812483,0.30600612768275126,0.06589188336739993,0.05953290166998914,0.252907153828707,0.25355160185300707
1994-09-01,0.55,0.4285824195099406,0.43162066568903634,0.4116927237170126,0.16424219068518056,0.05916435513362158,0.15515225080247141,-0.02122847843244999
1994-10-01,0.74,0.541442281352604,0.42430261575142353,0.4122802963214949,0.30327716119022713,0.06716186242265502,0.10609466206639111,-0.24289350173629462
1994-11-01,1.01,0.7316862704067673,0.5315942765246616,0.4323842088937542,0.4165715520428151,0.16584184682518996,0.04322983535272837,-0.27696375122195194
1994-12-01,1.09,1.0057754972879722,0.7359381487570876,0.4255509592375447,0.4112909836302212,0.30440482301562183,0.05933279081383487,-0.17704089684340837
1995-01-01,0.96,1.086313815329424,1.0002951294682862,0.5330170251649675,0.43393805766139765,0.41863408887075537,0.057477261690148426,-0.030152721374774438
1995-02-01,0.72,0.9617084208627954,1.0860700324786063,0.7254683355206029,0.4287854106234004,0.4113673383568705,0.06581799166938808,0.22162679886110326
1995-03-01,0.53,0.7274258373409065,0.9632275505796318,0.9975418027486038,0.5447988942599051,0.4372370467258015,0.16486363485007807,0.42257232446521836
1995-04-01,0.3,0.5319979533099862,0.7245479194867568,1.0872579355202778,0.7362638787499105,0.4298922382521581,0.307446243076265,0.603959680884482
1995-05-01,0.14,0.3062947795736946,0.5367107428666863,0.968493573564534,0.9975673152705256,0.5428535316895445,0.41405411783936374,0.6983011801712186
1995-06-01,-0.03,0.14395071354433292,0.3056445841913817,0.724993746396209,1.0860311295535217,0.7367974620592546,0.4109113956842347,0.5711668426378661
1995-07-01,-0.24,-0.019713946345877795,0.1462962792413858,0.535086388811764,0.9682147654978217,1.0061670696881526,0.43684926594637535,0.3213723816702432
1995-08-01,-0.54,-0.235854116857152,-0.026003795441535457,0.30333039356365993,0.7277847994617773,1.0859179901011302,0.4336209870471963,0.2512810783130225
1995-09-01,-0.81,-0.5350429722148163,-0.228743878942734,0.14702711015029005,0.5394386644190289,0.964010257391302,0.5448878827953572,0.1517551597903288
1995-10-01,-0.97,-0.8006189502022779,-0.5335740036178886,-0.02668136735153683,0.30298495326393005,0.7334896690671119,0.7368507106864715,0.10058368912371168
1995-11-01,-1.0,-0.9645845522897862,-0.8058224340257439,-0.2316651984046581,0.14484187665546616,0.5388488706048061,1.0074922861305764,0.040823765432048846
1995-12-01,-0.98,-0.9951279802717629,-0.9622278954358088,-0.5336011051840511,-0.027368498943504856,0.30486876457915574,1.086808678754906,0.05937957670578602
1996-01-01,-0.9,-0.9818283900893493,-0.995064067293556,-0.7944446450365612,-0.23210432968886785,0.1480417393003815,0.9655500209346316,0.056028289538600166
1996-02-01,-0.75,-0.9032181624830965,-0.982220773202074,-0.9612824079653345,-0.5370050902538552,-0.023562560287269316,0.7247724289360501,0.06438483531089687
1996-03-01,-0.59,-0.7592482034905422,-0.9050876145371944,-0.9949918132072665,-0.800584334471629,-0.23668329302112537,0.5340670863234984,0.16379250007650856
1996-04-01,-0.39,-0.5930538038633609,-0.7553002195153051,-0.9842404613619915,-0.9630488384383651,-0.5377137605828037,0.30421612722236663,0.30685299367230934
1996-05-01,-0.31,-0.39968521256434886,-0.5973939185253775,-0.9053425827344519,-0.9926992103844725,-0.8030239276914004,0.1463994835224152,0.4166215065339354
1996-06-01,-0.3,-0.31526937465403937,-0.39411488260347083,-0.7532014729451869,-0.9810209928155975,-0.9639120388556619,-0.022095701562685453,0.41293852597756225
1996-07-01,-0.27,-0.30415784333037965,-0.3176163520435267,-0.593918624304544,-0.9041974917883402,-0.9939974295814568,-0.23225361581537368,0.4371817819639076
1996-08-01,-0.32,-0.2762134876240976,-0.3045507323235655,-0.3950146113685864,-0.7580615130999444,-0.9798262070609705,-0.53558501212886,0.4302386321980353
1996-09-01,-0.35,-0.3141046269865302,-0.27418281377813336,-0.3171978661955204,-0.59711469340453,-0.907470669894062,-0.7950405589402243,0.5490099310526715
1996-10-01,-0.4,-0.3431385022818568,-0.3139198320053112,-0.30422660845392807,-0.39491645127353237,-0.7544063196673471,-0.9648900378251126,0.7381279194511681
1996-11-01,-0.45,-0.3950424406492506,-0.3433271288812338,-0.27549137343695046,-0.3145921812505695,-0.5951684358384265,-0.9934312745680647,1.0116186578776132
1996-12-01,-0.49,-0.44333864211089374,-0.39264300111541,-0.31555191335078947,-0.3048413262277431,-0.40010388932551333,-0.9821315425859948,1.0859362759160025
1997-01-01,-0.5,-0.48538334864209914,-0.44539348381599153,-0.34584300265706425,-0.27666533728200843,-0.3156311096328921,-0.9041239771380308,0.9622361801371683
1997-02-01,-0.36,-0.495009093220083,-0.48630065023155733,-0.392741160964617,-0.3161368126617543,-0.3040380925036818,-0.7538882332623441,0.7231908267063434
1997-03-01,-0.1,-0.36437626675451756,-0.49518473784505923,-0.44406935368407974,-0.34290005691571956,-0.27381300600064,-0.5965278629663018,0.5356452146190073
1997-04-01,0.28,-0.10591139472115857,-0.3668400630479417,-0.48153961226388403,-0.3942669371652998,-0.3133363134233656,-0.3941391711574682,0.30172507805633014
1997-05-01,0.75,0.267529373349748,-0.10327927371849087,-0.4945510956010724,-0.44534854174937694,-0.34562763958221177,-0.3176071749267227,0.14786953769296624
1997-06-01,1.22,0.7457550634121707,0.2713696702346461,-0.36618412680234597,-0.4829153820967347,-0.3956025947074693,-0.3042716724620765,-0.02492379286920644
1997-07-01,1.6,1.215048197185368,0.7365840669818582,-0.1072798000327084,-0.4953773322879756,-0.4447766048183415,-0.27271535304387057,-0.2357439646640142
1997-08-01,1.9,1.5923483621684875,1.21437619474164,0.2709474601092397,-0.37294094648745163,-0.4851244973525902,-0.31449849163438903,-0.5364215436342338
1997-09-01,2.14,1.8961679767477464,1.5945449513730836,0.7461278721617368,-0.1046536594700389,-0.4959520869418301,-0.3447969740139753,-0.8056387393645618
1997-10-01,2.33,2.134272597096044,1.893306103365445,1.2046789716253667,0.2750503097005695,-0.3702819243516921,-0.3952529437669359,-0.9657088010465479
1997-11-01,2.4,2.320048116269832,2.1345304324212657,1.5875532769228569,0.7426789640771045,-0.11650377011936532,-0.4475047589140153,-0.996229563509556
1997-12-01,2.39,2.3956167698666433,2.324701881449774,1.8928728935354262,1.2105586910466795,0.24671048947700255,-0.4842855813192148,-0.9805972897276752
1998-01-01,2.24,2.3913965405630493,2.3923432735039127,2.1337090897426343,1.5970521693973583,0.7435210457653391,-0.4942941356467792,-0.904568262701393
1998-02-01,1.93,2.243486586202299,2.390102522709907,2.3228414170129073,1.8877178537513692,1.2122576692507592,-0.36320260169449103,-0.7527336841535348
1998-03-01,1.44,1.9353071055314885,2.246606750837805,2.3937497574395694,2.122630634907457,1.5910169474423803,-0.1123724412472965,-0.5935326125787473
1998-04-01,0.99,1.4459598542616807,1.9346805626341066,2.390612871241236,2.3233421054900223,1.8925409020783968,0.2750920248361141,-0.3931293063654853
1998-05-01,0.45,1.0010480533280275,1.4456894045861945,2.2511265954105126,2.395718795291942,2.1339771639367857,0.7455165440672874,-0.31431678878002745
1998-06-01,-0.13,0.45613965161197634,0.9953441774568189,1.936619727054897,2.3919897656199933,2.322221235472188,1.2008066141642375,-0.3026638522085713
1998-07-01,-0.78,-0.1230666615088095,0.46125932710927914,1.452477501453511,2.246235098567571,2.3927993946593533,1.5901995218362222,-0.27423026375141596
1998-08-01,-1.12,-0.7736647220509812,-0.12373407947205695,0.9956881363324834,1.9368347678265747,2.3911497879862407,1.8791989787259,-0.31681465813071985
1998-09-01,-1.31,-1.1143801872651005,-0.7742939428940874,0.4547727381651247,1.4613546527601833,2.243021423283724,2.135578228296998,-0.34478028661408966
1998-10-01,-1.35,-1.2978611503381607,-1.1139516785312877,-0.12354255853049584,0.9942195666359471,1.9339640003889522,2.320116259144141,-0.3966822368661966
1998-11-01,-1.48,-1.342868909585715,-1.304623104278291,-0.7704182876564786,0.46151918723880003,1.4468655529433778,2.3936493943865265,-0.4476217430721199
1998-12-01,-1.57,-1.473140020027362,-1.3447007491406338,-1.114450758880243,-0.12472466778360379,0.9952881419588379,2.3911730228834704,-0.4867958021168597
1999-01-01,-1.55,-1.5606548439384396,-1.4695192972524629,-1.3039717669432724,-0.7707471566817132,0.46325876954635353,2.243890028675096,-0.4957397551732568
1999-02-01,-1.3,-1.5534504809038117,-1.5631473911680172,-1.3432416818436232,-1.1069042170897552,-0.1241976604301377,1.9379279468790342,-0.3629358754883703
1999-03-01,-1.07,-1.3058463016774822,-1.5527281108300677,-1.473560714591424,-1.301466674457363,-0.763188413576309,1.4577344807602597,-0.10516328558406478
1999-04-01,-0.98,-1.0776103786414644,-1.3160948994180899,-1.55954013161638,-1.3434925984409687,-1.1131607993248684,0.9968089867344555,0.27701650341432305
1999-05-01,-1.02,-0.988715408673672,-1.0762754438508493,-1.5546850691904213,-1.4746140441378985,-1.294442306885086,0.4577350768900586,0.7284719332587086
1999-06-01,-1.04,-1.0147777399321636,-0.9870889094036844,-1.305011794039756,-1.5625543490472928,-1.3383299598465792,-0.12324033475288551,1.2147188780767637
1999-07-01,-1.1,-1.033478992783117,-1.0132541720271577,-1.0830223124020208,-1.5526714486997086,-1.4706459326935646,-0.774608029034714,1.5986531237912094
1999-08-01,-1.11,-1.093345039802153,-1.0350478969065802,-0.9888765590597622,-1.3150465235073279,-1.5584691631134246,-1.1184505351520777,1.8890103848848885
1999-09-01,-1.16,-1.1046776280729806,-1.0949667142554265,-1.0149054971926939,-1.0846287654169997,-1.5517770968286229,-1.2974833900619518,2.1276372840928053
1999-10-01,-1.26,-1.152948849195892,-1.1044727024969199,-1.0362562141183758,-0.9844189693646985,-1.3070200339050406,-1.3407380156463367,2.3261853984619703
1999-11-01,-1.46,-1.2527830635769204,-1.154711480104417,-1.0920229267105832,-1.0139588085011588,-1.0754433395180034,-1.4719329375807342,2.398183629252653
1999-12-01,-1.65,-1.454678490784022,-1.2513562913526999,-1.1034797762890924,-1.033205380406894,-0.9895123708412599,-1.5631620371958603,2.3912943018930535
2000-01-01,-1.66,-1.642796727641756,-1.4498470355942974,-1.1537942223684274,-1.092830292303396,-1.013876272565439,-1.5533153361797285,2.246403423994018
2000-02-01,-1.41,-1.6533237308357678,-1.6428568228610934,-1.2552253956974426,-1.1053498320182937,-1.032185277019918,-1.3071437168891995,1.931316268885568
2000-03-01,-1.07,-1.4145491105880228,-1.653170447411804,-1.4538103927606072,-1.1520106424832919,-1.0914330725884376,-1.0762126999684447,1.4541940557571127
2000-04-01,-0.81,-1.0754023995512332,-1.4209905038839608,-1.6388096157182308,-1.2529584796083493,-1.1034643556911148,-0.9859382283659124,0.9940474566434018
2000-05-01,-0.71,-0.8167616417688455,-1.0757200846921182,-1.6535864824535824,-1.452836895239262,-1.1521432562318827,-1.0161040871697147,0.4536344170467173
2000-06-01,-0.64,-0.715910535135849,-0.8150837339185671,-1.4153017323344397,-1.6430616256814783,-1.250698780266234,-1.032501697559448,-0.11024684416760702
2000-07-01,-0.55,-0.646893548999093,-0.718060467310685,-1.0766035079792915,-1.6548411993088985,-1.4441005394224256,-1.0926864665999774,-0.74582041903542
2000-08-01,-0.51,-0.5563502315987782,-0.6471961982763378,-0.8234147673454338,-1.4232126127101263,-1.6423443331001868,-1.1011727624570427,-1.09508489160733
2000-09-01,-0.55,-0.5163606968708031,-0.5569189212947447,-0.7170463014490548,-1.0817671760361605,-1.6527938890243363,-1.150229846188708,-1.3019685670009247
2000-10-01,-0.63,-0.5457052315277243,-0.5177417211275069,-0.646724534985233,-0.8161992957673411,-1.4154161637927947,-1.2511720482206226,-1.343798489879668
2000-11-01,-0.75,-0.6234409252298645,-0.5484720672325346,-0.5606249499941931,-0.7182040110812139,-1.0778416012633487,-1.446251341351532,-1.4719541814793553
2000-12-01,-0.74,-0.742386069833461,-0.6218971354295827,-0.5160015365799131,-0.6508177586939583,-0.8226489654225995,-1.6368637759595024,-1.5615138192266742
2001-01-01,-0.68,-0.741075802955686,-0.7430704040128671,-0.5479445667813739,-0.5574511553695407,-0.7202799736564174,-1.6536226021040528,-1.5516937797703274
2001-02-01,-0.52,-0.6864849868865868,-0.7400036873926102,-0.6234697063398819,-0.517116879921783,-0.6488276027998122,-1.4155577350216495,-1.3063885238226678
2001-03-01,-0.44,-0.5266983169566642,-0.6869938594816747,-0.7423498099249825,-0.5452996463725297,-0.5577659549967229,-1.0853817556111554,-1.0829678358846069
2001-04-01,-0.34,-0.44572729850883575,-0.5274472316100735,-0.7402140733690715,-0.6231803708986166,-0.5180108427731198,-0.8164672555963762,-0.9868950321604517
2001-05-01,-0.25,-0.3469827031538935,-0.44693515025352487,-0.6851837596219618,-0.7433128830882104,-0.5458000227552502,-0.7175644946312763,-1.0134911162697933
2001-06-01,-0.12,-0.25839337633399595,-0.34744470131844135,-0.5272059390773446,-0.7391044579316591,-0.6216681449133634,-0.6465077571395215,-1.0337226705735065
2001-07-01,-0.08,-0.12996608891831823,-0.2581779266320474,-0.4489346426547495,-0.6857869541229141,-0.7424090233443826,-0.5576469293395729,-1.0938032473138004
2001-08-01,-0.13,-0.08719310935684925,-0.13036676806809533,-0.3467646627976734,-0.5318378122919192,-0.7399722685696569,-0.5163468602677752,-1.1060359791511927
2001-09-01,-0.19,-0.128154600393702,-0.08777124831339259,-0.2573773421174246,-0.44756130487342777,-0.6852716278325126,-0.544568087431434,-1.151715438814048
2001-10-01,-0.29,-0.1832277760509288,-0.12770076668775526,-0.12882082117207802,-0.34773302757875063,-0.5263684259906553,-0.6216352641925058,-1.2517472887136643
2001-11-01,-0.35,-0.28328701321731814,-0.18399394032645983,-0.08775341975457475,-0.26129616467393213,-0.4471358038186487,-0.7424747968550959,-1.4502046057076667
2001-12-01,-0.31,-0.34323765220607105,-0.2821611663017904,-0.1278168369997592,-0.1291139281417441,-0.3510160848572759,-0.7409428656907584,-1.642033104010154
2002-01-01,-0.15,-0.31311897123521215,-0.34369110913857925,-0.18276577516654258,-0.0882729324915048,-0.2583140717141256,-0.6873430265782112,-1.6552834672179817
2002-02-01,0.03,-0.15601201536077444,-0.31164482442017855,-0.28524665407691435,-0.12831249329331815,-0.12698756054829607,-0.5266797442708748,-1.4153780846855146
2002-03-01,0.09,0.024874453023197702,-0.15733349014349496,-0.3433833718353627,-0.1823498500447593,-0.08803607226893953,-0.4463652410171334,-1.076938912845391
2002-04-01,0.2,0.08371543543178907,0.025032008319797603,-0.3106866291746658,-0.2791852568984228,-0.12610604925472949,-0.3457148211290788,-0.8146347085836684
2002-05-01,0.43,0.1940704869709939,0.08378274576279564,-0.15715180014174898,-0.3419934379914691,-0.1816509106178562,-0.25734357639656225,-0.7139065724721093
2002-06-01,0.65,0.4202772800871943,0.19402459638056607,0.02460259130118767,-0.31086877429247883,-0.28135801649102554,-0.12550334681834632,-0.6457588102185714
2002-07-01,0.79,0.6378066524702168,0.423390858812066,0.08303192022322399,-0.1562658254047337,-0.3412454685256004,-0.0867154919067525,-0.5570585378369014
2002-08-01,0.86,0.7834107092596277,0.6402086427178403,0.19294528496128655,0.020419733822101997,-0.31386918281638654,-0.12533113416991679,-0.5183849052361232
2002-09-01,1.01,0.8519309863796389,0.7797785286795323,0.42262342415556636,0.08193481422872084,-0.16048642952833617,-0.18380467672233075,-0.5479499247328234
2002-10-01,1.21,1.0029007997677266,0.8532830261179722,0.6422330859273412,0.1918207122738996,0.02260992134119591,-0.2825970053078436,-0.6259052952655544
2002-11-01,1.31,1.203142588060334,1.000718160807813,0.7834805475013862,0.41955693086738083,0.08120391009382887,-0.34087966994656665,-0.739620744268587
2002-12-01,1.14,1.3030845103758988,1.2031034228771749,0.8508924500269958,0.6414147944892552,0.1898983986713123,-0.3127932267223484,-0.7387259446266766
2003-01-01,0.92,1.155030068415882,1.3021755159701398,0.9986856128760407,0.7821802225679959,0.42122438772839854,-0.15887263651535502,-0.6850464371849702
2003-02-01,0.63,0.9284224543050654,1.1474439667664424,1.2019823580652198,0.8528040688793478,0.6437524281785059,0.023154019156386943,-0.5260623926889028
2003-03-01,0.38,0.6370148938640288,0.9361502168946945,1.3021632926698177,1.002062168799109,0.7794139178468278,0.08239030593040521,-0.4494525972702255
2003-04-01,-0.04,0.38704580527971605,0.6368829295487436,1.1457799540340927,1.1986927223248613,0.8525762845962004,0.18900740165210975,-0.34550911307512494
2003-05-01,-0.26,-0.0319814390460037,0.38623542444918013,0.9274790820535999,1.300247048489807,1.0035222465117477,0.41879508483434735,-0.25667161853433273
2003-06-01,-0.16,-0.2536090432487371,-0.03363290029911885,0.6374729611631491,1.1455392341724855,1.202226423212861,0.6425277298312193,-0.12734512459118438
2003-07-01,0.08,-0.16413053532132152,-0.2534200661692359,0.39302541043041156,0.9308886364831572,1.3035570013261744,0.7816048029951035,-0.08584314019366072
2003-08-01,0.21,0.07227204340463006,-0.1642365127145839,-0.029832037462112562,0.6367133004568107,1.147846099550105,0.8522685987249474,-0.1281602404281093
2003-09-01,0.26,0.20321349283177126,0.07083718193329212,-0.2546718882625141,0.389120274293341,0.9336994307949897,1.0016861647515591,-0.1847247755636395
2003-10-01,0.29,0.25245607663326136,0.2017770637623809,-0.1642737564725294,-0.033084955608759764,0.6355904626883688,1.2012252074027145,-0.28445908387907337
2003-11-01,0.35,0.2828669412221585,0.2532703823944741,0.07139982788186286,-0.24410536524489146,0.39108211657373926,1.3016146047125523,-0.3432864902632805
2003-12-01,0.35,0.34179802276459154,0.28033905897062417,0.20272833516676936,-0.16666719405462319,-0.032904342599018296,1.1457198591848263,-0.3156216889174308
2004-01-01,0.37,0.3457300789236431,0.3430860476272783,0.2516551559574795,0.07128888530967319,-0.25233478211725807,0.9273891588832226,-0.1556669365314401
2004-02-01,0.31,0.3635182147009121,0.3447230632885462,0.2834916349347178,0.2029895198877166,-0.1654832212165323,0.6373409316288774,0.023084739874513833
2004-03-01,0.23,0.31574293460848046,0.36382205150216684,0.3409011365369292,0.2526584599298374,0.06342657193833176,0.3879644408854739,0.08257776241027955
2004-04-01,0.17,0.2372704927517621,0.31804355603665746,0.3439031640983058,0.2823809590844805,0.2011510895779417,-0.027832893869981144,0.1935153469506884
2004-05-01,0.17,0.17776257274501364,0.23823672484055028,0.3624664087355258,0.34197913934371027,0.25150900193300646,-0.2452416398055328,0.4242467019943816
2004-06-01,0.28,0.1757727116436453,0.17729966250894805,0.3174815646858105,0.34415600543689173,0.28394981714938305,-0.16705386894147362,0.643373668228658
2004-07-01,0.47,0.27346220753732714,0.17628610642735346,0.23869180818731878,0.36367068187720797,0.34153464339815204,0.06833243601202886,0.7835217253350718
2004-08-01,0.64,0.4596104410218412,0.2727549893794673,0.17898050437006702,0.31884717479865426,0.3436337062945404,0.20209239963476577,0.851156035231577
2004-09-01,0.7,0.631158004731567,0.4617137088367406,0.17623331487338245,0.23743759373418435,0.3617485316556981,0.25118330664228905,1.0029486627848974
2004-10-01,0.67,0.6896748908698958,0.630864718569162,0.27044047980050123,0.17746252890243458,0.31931493558014395,0.2820093024624402,1.2031763598067764
2004-11-01,0.66,0.6718693023395375,0.688503302559571,0.4614153814662252,0.17466788361257646,0.23847920728253943,0.33815659165689,1.2998645213633857
2004-12-01,0.69,0.6641672031907956,0.6728389545301794,0.6311709633771222,0.27226925046056766,0.17846947775193037,0.34196027594481354,1.1471870225238998
2005-01-01,0.64,0.683146969845962,0.6647394720824559,0.6920977224603186,0.46240294984507935,0.17634037243473671,0.361701297047452,0.9270641007535542
2005-02-01,0.58,0.6534180820646491,0.680668647775162,0.6740208833373216,0.6276248466180312,0.2730400939404299,0.3173467606568961,0.6366307183163794
2005-03-01,0.45,0.5883299724049464,0.6475679337680534,0.6643458727076604,0.6875386756439472,0.4623069007358377,0.23740942248614028,0.38626519586363967
2005-04-01,0.43,0.45862420110966,0.5904937664598862,0.6800530455560825,0.672387016702287,0.6300527083648783,0.17735092274092612,-0.020049327382506824
2005-05-01,0.29,0.4381298174145265,0.45824100858207173,0.6472754487177567,0.6652250478910096,0.6913490937757756,0.17626278009550392,-0.2508484200560355
2005-06-01,0.11,0.29833931598651,0.43807220243384437,0.5903057613456926,0.6804230621157543,0.6754846726867895,0.2732630872434773,-0.16458912061326417
2005-07-01,-0.06,0.11813227985579695,0.2977486242650235,0.46232450017564836,0.6521668883301346,0.6663236545499995,0.4615320322510115,0.07281568355483084
2005-08-01,-0.14,-0.049886705652719035,0.12353930540699638,0.4411188980082218,0.5910185471092334,0.6821393426915807,0.6297382664673264,0.2017154981844772
2005-09-01,-0.11,-0.13112904653699012,-0.048447129422569714,0.2990550065000946,0.45982005953175126,0.6474051191577831,0.690909379430387,0.2531973960903827
2005-10-01,-0.29,-0.11316705353468963,-0.12881170671685102,0.12252640723760294,0.43857352556846796,0.5882087621113673,0.6716311856974753,0.28320298414820816
2005-11-01,-0.57,-0.28268116709512625,-0.11266242667259779,-0.05207981301938942,0.3000834460229821,0.46068212668807756,0.6659192457132139,0.34171397042321716
2005-12-01,-0.84,-0.5585565755475286,-0.2834358401422087,-0.12944688460676707,0.1259229535113707,0.4420075847390751,0.6816874498974644,0.34546986981800876
2006-01-01,-0.85,-0.8316670193245789,-0.5620982261700374,-0.11443172624675788,-0.05018603999582127,0.2988638495781885,0.6488964062470622,0.3624681223137773
2006-02-01,-0.77,-0.8400476344927538,-0.8312929858341779,-0.2813763968020566,-0.13022651515855563,0.11940906821781758,0.5915607697991654,0.3169835814280898
2006-03-01,-0.57,-0.7781241486070716,-0.8418643748877003,-0.5611522108877778,-0.11322078884881906,-0.050691283072652006,0.462021919663043,0.23618981391503108
2006-04-01,-0.37,-0.5785823746120328,-0.7802839032221203,-0.8318960473672892,-0.27830495868822464,-0.12832690454956874,0.4447649122048522,0.1784537617872642
2006-05-01,-0.14,-0.3803019925447028,-0.5777571768169534,-0.8403798572771445,-0.5615272093393371,-0.11480195731538326,0.2981445559058375,0.1765625907435186
2006-06-01,-0.03,-0.1481593949891915,-0.3780438947043683,-0.78197096733558,-0.827691105083745,-0.2765763983200101,0.1260616716200513,0.2735091723168278
2006-07-01,0.1,-0.03797282404887213,-0.15049429889033727,-0.5770059628262398,-0.8374562929961233,-0.5565107647820011,-0.048918017958191916,0.4600293631105119
2006-08-01,0.3,0.0903298699906636,-0.04053504847114489,-0.3830809917964408,-0.7772620165391394,-0.8271989292550238,-0.12790393225067187,0.6326463524083437
2006-09-01,0.54,0.29152359801848304,0.08969406628688265,-0.14803819024014842,-0.5788555368820323,-0.8414322115575035,-0.11399582954195674,0.692546334565764
2006-10-01,0.77,0.5323515462224534,0.289970618386538,-0.041674841936232596,-0.37939079388277086,-0.7783481989082593,-0.278601436634185,0.6722730157119582
2006-11-01,0.94,0.7559164294220694,0.5304293959096148,0.0894743515913773,-0.14809692138756975,-0.5786988935268352,-0.5570574285874338,0.6652938184211941
2006-12-01,0.94,0.9257636016111853,0.7597684947073315,0.2909205724483036,-0.04077536741478228,-0.37878773391374754,-0.8175372843914448,0.6831643177449184
2007-01-01,0.66,0.9328578296421485,0.9308842949736743,0.5321314488182687,0.09132833937932358,-0.1489318946381893,-0.8421017069823189,0.6466627171039837
2007-02-01,0.22,0.6777387143133079,0.9325246530953677,0.7627882972266937,0.2911362738554011,-0.03993657756223888,-0.7790093084669801,0.5869465491575125
2007-03-01,-0.12,0.22734070084562327,0.667459060050976,0.931657157190935,0.5266471516547485,0.0919469339184348,-0.5777242480685285,0.45725821158530544
2007-04-01,-0.32,-0.10815973458860541,0.241381288756931,0.9345470733906157,0.7560045145964677,0.2832371376674349,-0.3840373202331427,0.43588459137476304
2007-05-01,-0.38,-0.3117953797683585,-0.11250308084252758,0.6663253468788177,0.9244027402304876,0.531076290708778,-0.14798626888629826,0.2961752631652701
2007-06-01,-0.47,-0.3704383228514412,-0.3107816745246516,0.23805595447501127,0.9258187910601227,0.7607231239425394,-0.037999531540505116,0.11731884105276628
2007-07-01,-0.56,-0.45888693321367324,-0.3703011320853289,-0.11262899733988391,0.669323178361092,0.9274578003654799,0.0927670754469005,-0.05151911211521907
2007-08-01,-0.81,-0.546754339734106,-0.4599725212454039,-0.3051227644951065,0.22890177318404495,0.9320454834018514,0.29083139551258136,-0.13189351818355297
2007-09-01,-1.07,-0.7956586454815181,-0.5476860150305825,-0.370914120975949,-0.10504084216896348,0.6702421686528036,0.5315391643290448,-0.11287934349876792
2007-10-01,-1.34,-1.0552612354494237,-0.8002196064207717,-0.4617674166538888,-0.307230840050772,0.2344695391047104,0.7601953724479574,-0.2826860651188007
2007-11-01,-1.5,-1.3311937572138357,-1.0575347558676587,-0.5512781115031595,-0.3685572693107676,-0.10998157331972577,0.9311129811730294,-0.5624094341045199
2007-12-01,-1.6,-1.4888080916773505,-1.3281229100458154,-0.8012817857212192,-0.4573203245852191,-0.31029893632670846,0.924598916883034,-0.8312521158611661
2008-01-01,-1.64,-1.5915721076335658,-1.4876947127938793,-1.0568034475569674,-0.5468853661013051,-0.3681942623581675,0.6656924269954018,-0.8422828076958635
2008-02-01,-1.52,-1.6301773732825995,-1.5908606580643205,-1.3291054679472725,-0.7987662409564644,-0.45901316818598836,0.23379229964758752,-0.7772727632390785
2008-03-01,-1.29,-1.5292559056601185,-1.6294344566057095,-1.4902428542280304,-1.0609125170832252,-0.5481698115797435,-0.10622584375902032,-0.5806714420423554
2008-04-01,-1.01,-1.2998856231116296,-1.5297371668939446,-1.5872996077119155,-1.3311560053578095,-0.7884287108849739,-0.3106443823443225,-0.3781196656340225
2008-05-01,-0.84,-1.0353063694769675,-1.3011530916519183,-1.6294193195297555,-1.4882852850289379,-1.057922566164462,-0.370468361579464,-0.14710285882716143
2008-06-01,-0.61,-0.8492248786143184,-1.020790412377015,-1.52692610587725,-1.5901909785540336,-1.3273454001698084,-0.4600101253579543,-0.03798331723958126
2008-07-01,-0.37,-0.6194209691977322,-0.8658952297089891,-1.2978291542309213,-1.6277560849794739,-1.488455201647784,-0.5490678550700276,0.08736307048097192
2008-08-01,-0.23,-0.3886391601818516,-0.6198112397577921,-1.0204344911458483,-1.5320746651535773,-1.5831212255008842,-0.8003666001572955,0.28489773212321035
2008-09-01,-0.24,-0.24073044684165076,-0.37911729774705183,-0.8479182247723808,-1.300121574123298,-1.6280751673267506,-1.0578905441914115,0.5314673139505117
2008-10-01,-0.35,-0.2432895034077538,-0.24533590076296485,-0.6196072841816953,-1.0184826419613986,-1.5266698619566248,-1.327717982884506,0.7556235932356937
2008-11-01,-0.55,-0.34190390831821804,-0.24783998650785485,-0.3933825020691789,-0.848541725367928,-1.3054571399994557,-1.4909913378770836,0.9326712027891134
2008-12-01,-0.73,-0.5373685969537708,-0.3417125532625167,-0.23843955395430452,-0.6216966916589598,-1.0233703497558624,-1.5847160903843294,0.9330546932761931
2009-01-01,-0.85,-0.7211869931204131,-0.5378785738748866,-0.24253031018127502,-0.38268993649723937,-0.8486638779159792,-1.630119708761412,0.6648818832513715
2009-02-01,-0.79,-0.8396702844657369,-0.7179242169666005,-0.33888951594846384,-0.24155228599636452,-0.6259998362507198,-1.5331988723789753,0.2314499603189643
2009-03-01,-0.61,-0.7968907819754945,-0.8392389417784178,-0.5392523534853457,-0.24552124600599343,-0.37985252808665315,-1.3000743387958589,-0.11170077948470185
2009-04-01,-0.33,-0.6197916060807154,-0.7925390257544623,-0.7173261523903559,-0.3410453203911388,-0.2435451162646333,-1.0222938668124284,-0.3087606432566038
2009-05-01,0.01,-0.3398054619258641,-0.6251619220122976,-0.8379901938591,-0.5386080275561489,-0.2431638196432711,-0.8531697321319913,-0.36959103772217394
2009-06-01,0.28,0.0002649266176118241,-0.3402332366826906,-0.7931534136245735,-0.7139479644105757,-0.34271572871278055,-0.6271952615944776,-0.46219797346521363
2009-07-01,0.45,0.26788672424243154,-8.066846283183217e-05,-0.618445898085408,-0.8399050808757738,-0.5266518063902599,-0.3839329751162771,-0.5524772818464612
2009-08-01,0.58,0.43789616385849645,0.26936384060578106,-0.3396179910463536,-0.7950540433049682,-0.718679354254553,-0.24310637527054207,-0.7953661251973355
2009-09-01,0.71,0.5669151971543909,0.4394739133086794,-0.009262100543330355,-0.6206549080833663,-0.8375084525618534,-0.24483771503061136,-1.0608843862997357
2009-10-01,1.01,0.6994046031486248,0.5680936535780677,0.270175929045457,-0.34541439363803,-0.798231426783099,-0.34154433650469096,-1.322946989542953
2009-11-01,1.36,0.99599241069286,0.6939023214139592,0.43436043165069754,-0.0013417262120072261,-0.622492709968144,-0.5399379527353062,-1.4894551000480116
2009-12-01,1.56,1.3378787468014266,0.9976134037530137,0.5691983179862622,0.2688625692393681,-0.34048608322666785,-0.715291440362303,-1.5848379982163179
2010-01-01,1.5,1.5497763599987184,1.3534979894911847,0.6926782076920951,0.4338044607466306,-0.006823833325701638,-0.8356184185464979,-1.6289820315230084
2010-02-01,1.22,1.5090627593859332,1.5431195017483785,0.9970161856125465,0.5687044598664874,0.26346893647884956,-0.7959518394547501,-1.5302683167360747
2010-03-01,0.84,1.2330308733694397,1.503787092322383,1.3398684480580414,0.6979847526602431,0.4388854305395622,-0.6288128150436765,-1.305575407547663
2010-04-01,0.35,0.8474218282535134,1.2385213769785042,1.5502419315345883,0.9985145198969436,0.5699639929546664,-0.3406289040810169,-1.0190558035599586
2010-05-01,-0.17,0.36192994379531057,0.8502875981241935,1.507454455720294,1.349179111188524,0.6970420147512023,0.0006621357950923011,-0.8546105117636068
2010-06-01,-0.66,-0.15305973177727933,0.3619666232863636,1.2379385374434781,1.5482449612409996,0.9994149118398803,0.25976845178041263,-0.6182724389395796
2010-07-01,-1.05,-0.6401896376138642,-0.1626148489661331,0.8508504493740319,1.5070262312326703,1.3486306514874495,0.4410184522573516,-0.37941166203228005
2010-08-01,-1.35,-1.0318041297333533,-0.6433625001657998,0.3682723640007297,1.2324528419099583,1.5494047411229526,0.5668617904775063,-0.24116704218307744
2010-09-01,-1.56,-1.3394385607571797,-1.0282965964774204,-0.16111228315526305,0.8534163626928277,1.5047975454855889,0.6986599537454992,-0.24116559546909197
2010-10-01,-1.64,-1.5444312526921125,-1.3395747487785823,-0.647247138551244,0.3802332704940519,1.2294186945175234,0.9941074080564413,-0.3400402090234285
2010-11-01,-1.64,-1.628805782013042,-1.5487850545305526,-1.040699933324861,-0.15555611789723797,0.8585525668796493,1.3513292382125248,-0.5394221678208801
2010-12-01,-1.59,-1.6314137277758207,-1.6276185818963087,-1.337714229719876,-0.6400881535794282,0.36116171890310944,1.548908246735292,-0.7166244755520643
2011-01-01,-1.42,-1.6018994653957257,-1.6322929726364839,-1.5468060120431912,-1.0411901010337654,-0.15959454758559702,1.5099524528916268,-0.83986820090005
2011-02-01,-1.19,-1.428925600834396,-1.6009112595856363,-1.6312393886373697,-1.3409509100036956,-0.6273277733459411,1.230208748915741,-0.7947573855211797
2011-03-01,-0.93,-1.2045314494186246,-1.42757928895824,-1.6333917395892685,-1.549964501074713,-1.0379903871128895,0.852135459242211,-0.6189556430609523
2011-04-01,-0.73,-0.9424341168125563,-1.1973515907865668,-1.6003433266004417,-1.6290210115929267,-1.3312922077099951,0.36294587920751575,-0.33922867940939727
2011-05-01,-0.55,-0.7425675717420841,-0.9424245460092037,-1.4280955272412545,-1.63194726090529,-1.5488636999663237,-0.15683405602918352,-0.003936571743543375
2011-06-01,-0.44,-0.5611875445680578,-0.7410198660021772,-1.1980273766094773,-1.5993328035174155,-1.6287075004679892,-0.6475124882964172,0.26929521394647843
2011-07-01,-0.48,-0.4529509448063922,-0.5603917435076686,-0.9399242427191219,-1.4297851657140708,-1.6322361708350703,-1.0310834463485434,0.43107329941928163
2011-08-01,-0.62,-0.472716210519029,-0.45094255215693435,-0.7393901898103509,-1.2054128483863336,-1.5972898965963027,-1.3365966601191088,0.5623142061747682
2011-09-01,-0.83,-0.6099107235963418,-0.47567599287945833,-0.5633640045890778,-0.9395319340636596,-1.4313590904407845,-1.5468275723837315,0.7007321940619783
2011-10-01,-1.01,-0.817517156356493,-0.60663374567967,-0.45134538416397474,-0.7430724783898063,-1.200093730565772,-1.6247409154992485,1.002028780930028
2011-11-01,-1.09,-0.9963119095844366,-0.8153127927476967,-0.4746158844183075,-0.5627589188180224,-0.9406106407414001,-1.6288651688003102,1.350059195217565
2011-12-01,-1.04,-1.0777458835387654,-0.9979266511312411,-0.6109746296912896,-0.4505593725422725,-0.7477608897788967,-1.599698740466212,1.5503560603210864
2012-01-01,-0.86,-1.0561921050168863,-1.081319360887039,-0.8178534133327479,-0.4762330672570324,-0.56053363936356,-1.430934530069934,1.503175557930718
2012-02-01,-0.72,-0.8750306676108786,-1.0477211898076022,-0.9962878963280023,-0.6091404201548444,-0.453530632554208,-1.2069261152512105,1.228860082607041
2012-03-01,-0.59,-0.7325602128971872,-0.8694398209018486,-1.0778822236753434,-0.81956988663573,-0.4733728278542886,-0.9456797179669334,0.8631085646248733
2012-04-01,-0.47,-0.6015052702106771,-0.7301615219602465,-1.0452035245636273,-0.9984650465527238,-0.6108311988090601,-0.7421017400126859,0.35774773232313556
2012-05-01,-0.26,-0.48142669982606734,-0.6016660099954313,-0.8696049665017802,-1.0795645384235304,-0.8181986060045632,-0.5628336862996679,-0.1603174031953151
2012-06-01,-0.01,-0.2792917097917215,-0.4831982912864293,-0.7299635208794542,-1.0469474281321929,-0.9999202953129098,-0.45104466903082363,-0.6389789779450136
2012-07-01,0.25,-0.024024604813746728,-0.2737559604089009,-0.6002683058634095,-0.8695393488253306,-1.0742969532369198,-0.47676964261551014,-1.0387518823427833
2012-08-01,0.37,0.23546845574467107,-0.12309411061384268,-0.4843176017164542,-0.7300522128734539,-1.0446394037103266,-0.603832122740051,-1.3354568214565963
2012-09-01,0.37,0.3554333428243091,0.22951733708022393,-0.27349224559508517,-0.6007069673711973,-0.8700599566224559,-0.8203767700686816,-1.5448094220621917
2012-10-01,0.27,0.35662365145676317,0.35347995710337454,-0.023378502077448425,-0.4824047367899427,-0.7316176049257331,-0.9986595811927317,-1.6258936793140517
2012-11-01,0.05,0.27757280442173204,0.3589950507791543,0.23020347123098325,-0.272028211129329,-0.6025376105780615,-1.064682712788919,-1.632741592710254
2012-12-01,-0.21,0.06384851668746623,0.27776668049489933,0.3501832810903904,-0.025183025199006406,-0.4829428276265691,-1.0444627448611705,-1.599011551209455
2013-01-01,-0.43,-0.19627160941364208,0.06828063996644779,0.35701811908096376,0.23743003632646578,-0.27254584630086315,-0.874648023320076,-1.4355791289065218
2013-02-01,-0.43,-0.41112740204788734,-0.18648131133453408,0.2766784350138118,0.35718678908402485,-0.023485741412906245,-0.7342728324840606,-1.207399878684382
2013-03-01,-0.34,-0.4181883882208332,-0.40884062425324996,0.06571399481292829,0.35916818693727703,0.23647317595814882,-0.6015857964935061,-0.939461024973781
2013-04-01,-0.3,-0.35112831899519126,-0.4177259949971312,-0.1953837489062075,0.278436491573125,0.35241410611852675,-0.4813163127081837,-0.7415825355198501
2013-05-01,-0.36,-0.31612574866374976,-0.3485033450442273,-0.40995720423011683,0.062679002022289,0.3600627199510123,-0.273695632510892,-0.5610630354176827
2013-06-01,-0.41,-0.34724444954840694,-0.31717657255406906,-0.4157196955618351,-0.19699718064366015,0.27821798651121904,-0.024394330385653726,-0.450893161458263
2013-07-01,-0.4,-0.3914957924737533,-0.34433218221032647,-0.3519644926923297,-0.4138862857040971,0.06207753192594785,0.23669994926316434,-0.47659827743543004
2013-08-01,-0.32,-0.3966338270836148,-0.3910040074765379,-0.3104451130152644,-0.41899299014576963,-0.19324926893300245,0.3568990625040798,-0.6060568069092765
2013-09-01,-0.26,-0.3383968385197953,-0.3959434358042631,-0.349880183804085,-0.35009524740044484,-0.4053759841558195,0.3608463091767137,-0.8197304605047939
2013-10-01,-0.18,-0.27650850921119374,-0.3409081642960659,-0.3958638766908215,-0.3130663525062468,-0.4181556869356968,0.2775362895565729,-0.9857602472511513
2013-11-01,-0.17,-0.20379785220907948,-0.27890244429155925,-0.3979224170955087,-0.35104950454504497,-0.35337798159230566,0.061249026297716,-1.0784311846403125
2013-12-01,-0.27,-0.18724930789021244,-0.19186669572042747,-0.3408125607480531,-0.3984122164003308,-0.3130124846626194,-0.1949331302966956,-1.0449692759873193
2014-01-01,-0.42,-0.25489170598224337,-0.18443696107801183,-0.27572517043079836,-0.3964339213642187,-0.34548183022847645,-0.41671350906906507,-0.8698528069224554
2014-02-01,-0.46,-0.402074810708759,-0.2538822277832562,-0.19468990649499618,-0.3337745448998098,-0.39373656921712297,-0.4210744984788088,-0.730390221481654
2014-03-01,-0.27,-0.4404207816648899,-0.39344793551929247,-0.18590034849397447,-0.27543647906181123,-0.3948874521346519,-0.3515382705348965,-0.6035407980271235
2014-04-01,0.04,-0.2776106076379528,-0.4371331614588533,-0.25794314526174084,-0.19471898931461856,-0.3339502658881637,-0.32375913410693224,-0.4840330308934643
2014-05-01,0.21,0.012695078446711932,-0.28283007104098457,-0.39255704065968783,-0.18569838772325023,-0.2756031069265332,-0.3444746772627833,-0.27420941051721215
2014-06-01,0.16,0.1700191628976422,0.023488172886195247,-0.4416232477594166,-0.25567912443477897,-0.19761761145253576,-0.393609114066962,-0.01926195144060926
2014-07-01,0.05,0.1381861086494513,0.10980921238293767,-0.28848223263430883,-0.40238151269960715,-0.18662799980165062,-0.3954377334453934,0.23859365174524946
2014-08-01,0.07,0.06702071562148519,0.13862257066190614,0.022369971879171568,-0.44400963394703474,-0.25421055654695046,-0.32932397293935184,0.3581269611084346
2014-09-01,0.23,0.07529341620756012,0.07006338813155003,0.16977469456799515,-0.29725866018293656,-0.4014582169292475,-0.27592207449025524,0.36056586097305926
2014-10-01,0.49,0.1970313930907253,0.08196902305762849,0.1442494343660376,0.017623203013058825,-0.44502207234322366,-0.1950730872609717,0.28024403648995005
2014-11-01,0.64,0.47830662082925085,0.18435370674517854,0.06727859498278473,0.19520080493854525,-0.2848375964424881,-0.1884050030608807,0.060629999719926
2014-12-01,0.66,0.6080720790563783,0.44619674470225545,0.06366085939861153,0.16482610154292363,0.02383449538969559,-0.25727807680423526,-0.19717357673953784
2015-01-01,0.55,0.6371608076410487,0.6299443527714808,0.2047738578374204,0.06388311626884455,0.17679740264579308,-0.40386995953661803,-0.4111643412215439
2015-02-01,0.47,0.5672691130532389,0.6437914328304848,0.46384028204392264,0.08445617916057015,0.16533525702464774,-0.44315247496867133,-0.42008240433335325
2015-03-01,0.53,0.4901944938698789,0.5679084309871079,0.6085236960245747,0.14056315026202687,0.0639095257069642,-0.28178060101790164,-0.3499679479024666
2015-04-01,0.7,0.5236859333876746,0.48767743703836747,0.6388817268763898,0.36400393258462876,0.08854300772063177,0.015758603581255096,-0.3115163997978086
2015-05-01,0.93,0.6840807320435249,0.5249990096444532,0.5665079898206657,0.6142665142602098,0.21198425274174326,0.18795380075315796,-0.3475860724548104
2015-06-01,1.18,0.9141154420445663,0.683734213937645,0.49423959780134963,0.6421775395092212,0.4728184823222572,0.16383594631857404,-0.39504965532794784
2015-07-01,1.52,1.151022606937449,0.9182366913379955,0.5162300271756326,0.5749028332597524,0.6182552548626894,0.05902016301567162,-0.39772544546941146
2015-08-01,1.86,1.4989492228133594,1.1584483737829332,0.676809840111583,0.4905056957544299,0.6410098829560203,0.06789237207931281,-0.3311729265759718
2015-09-01,2.16,1.841313529117882,1.4847050102702724,0.9141013912767728,0.5273305076258236,0.5687917723113072,0.19825249025471142,-0.2715207914247382
2015-10-01,2.42,2.1466579110454176,1.8400693425047019,1.1620999804090208,0.6668585348621417,0.4908628531741961,0.4697092561339053,-0.19290387478521678
2015-11-01,2.57,2.4030474207377144,2.1443124192784793,1.5043465410154873,0.8897986539645178,0.5213456583634464,0.6187984783236088,-0.1840267879499016
2015-12-01,2.64,2.5479876158781276,2.401129993756331,1.8458203469599945,1.1553599204280778,0.6634597342747897,0.6423913533629093,-0.2625979070727033
2016-01-01,2.48,2.6222899934651767,2.5501384846858457,2.130763891749651,1.50381610009254,0.9153570453411899,0.5659541612333863,-0.40288755012478683
2016-02-01,2.14,2.4993076419300237,2.623849339027091,2.4045629912571345,1.839065961169258,1.1337914076495994,0.4857680430638613,-0.4466472311210204
2016-03-01,1.58,2.155483330129235,2.4922181567741424,2.5546806632621193,2.1446981682201427,1.4803957925044693,0.5194727810601757,-0.28294011531203195
2016-04-01,0.94,1.5980665951805917,2.1607019130389284,2.6203066456484114,2.4004746833568835,1.8223214657641258,0.6736450153784955,0.02226400031506836
2016-05-01,0.39,0.9714168539278335,1.5988497901644716,2.494225041892356,2.5560909872334068,2.1421980260328333,0.9034669338428506,0.18984699166554755
2016-06-01,-0.07,0.4422417059373425,0.9608071731914467,2.1549971660923437,2.622178227412114,2.406547320483987,1.0640352030538065,0.16445366024050886
2016-07-01,-0.36,-0.05249600894663928,0.4161358246411732,1.596387401957905,2.496213881566368,2.5546423562822027,1.4683572487562393,0.06072651295281482
2016-08-01,-0.54,-0.3453525217798138,-0.019432716051694714,0.9695197856941667,2.1517855216961905,2.6251098856685986,1.8065080331170849,0.06512640163789114
2016-09-01,-0.63,-0.5226330038120205,-0.3414853504098908,0.40473743015558694,1.60205306532865,2.4998413475211883,2.1394633441843043,0.2117954528897266
2016-10-01,-0.69,-0.603958206064599,-0.5228827869504077,-0.03500947476426158,0.9554029068045509,2.155585044252297,2.3670902438333865,0.4755473855223657
2016-11-01,-0.67,-0.6689026268940835,-0.6099113319213878,-0.340906222242573,0.4058421213124679,1.5979758617472144,2.5469946937569112,0.6275803609357112
2016-12-01,-0.56,-0.6723582105436895,-0.6661214200125869,-0.5105255305738128,-0.04110419818113812,0.9570055715957698,2.619966542767402,0.6455042708790495
2017-01-01,-0.34,-0.5756171437258778,-0.6695045483211922,-0.60881651729621,-0.33490202476219355,0.40488808438101304,2.4929531001198586,0.5611905213611575
2017-02-01,-0.16,-0.3606656899901326,-0.5782751499484032,-0.6747828848429095,-0.5112690684706483,-0.046423230456137304,2.1626843768517965,0.48614548716400396
2017-03-01,0.05,-0.17815644669506248,-0.3578229344751539,-0.6696064794416057,-0.6072997219585531,-0.34096812064935034,1.600076654817102,0.5243958469828617
2017-04-01,0.2,0.037341202961734356,-0.17087510449392954,-0.5775376297556567,-0.6719534177303611,-0.5212296679011035,0.9686210768540235,0.680131661699108
2017-05-01,0.3,0.17761345775435883,0.03272717529328266,-0.3582780253978631,-0.6662574638193115,-0.614001069444246,0.4279759939057892,0.909035003370498
2017-06-01,0.31,0.27293310651059693,0.1780705087980596,-0.17274319027906634,-0.5706448836081744,-0.6681307456933916,-0.04807635655453399,1.1654053479452733
2017-07-01,0.14,0.28488943397174515,0.2758116592275606,0.03313494416989808,-0.35484508408407384,-0.6663748248533662,-0.3289433313287586,1.5001334236487887
2017-08-01,-0.11,0.147017648299044,0.28239434078140113,0.18876780256359557,-0.18467329537457258,-0.5744146561085678,-0.5094796085829194,1.8465405919974238
2017-09-01,-0.38,-0.07633988954695621,0.14341797145665264,0.2828919227612426,0.03174735463850126,-0.3546852152575401,-0.6023695838944041,2.1261458663945247
2017-10-01,-0.65,-0.36482205716823085,-0.10621663027307626,0.2867069586379323,0.18295843771997203,-0.17898497296488772,-0.6690142810451233,2.412568207512842
2017-11-01,-0.84,-0.6197102408484602,-0.3427027976802675,0.1533099046872102,0.28083645931499324,0.027608043740214125,-0.6589075566653578,2.5541299813950706
2017-12-01,-0.97,-0.8162625665837207,-0.6290987075429049,-0.09208377024515664,0.29206830452015686,0.16584879493127613,-0.5669668576273412,2.6232316513025524
2018-01-01,-0.92,-0.9428439784677861,-0.8245631739378864,-0.3637262633694019,0.15745067981092944,0.2784695722645603,-0.35775081528284924,2.4966121992670733
2018-02-01,-0.85,-0.9101999379500952,-0.9424043843177833,-0.6279943502069971,-0.08729344145599019,0.29113708692859525,-0.17628428917152644,2.1589107704015222
2018-03-01,-0.7,-0.8579718123691338,-0.9127434841181327,-0.7989236319745868,-0.3639113866782183,0.15092358021619315,0.028848376551038,1.6142437631198248
2018-04-01,-0.5,-0.7236605951385437,-0.8503235391764122,-0.949293964079558,-0.6213529350235778,-0.08978305922156536,0.17372797715823896,0.9773407467812784
2018-05-01,-0.22,-0.526911269864269,-0.724990478474178,-0.916125066984126,-0.8149178197883131,-0.35871297941680674,0.28512090905366083,0.41418852240578147
2018-06-01,-0.01,-0.242493388944761,-0.5350638597987222,-0.8658185973717272,-0.9485061662185866,-0.6230451838024454,0.29273732067614583,0.15733438831271662
2018-07-01,0.09,-0.03486408589143779,-0.24015180182564477,-0.7182914107937423,-0.9035994194349745,-0.8044343210551947,0.15558142991926965,-0.30956093879185825
2018-08-01,0.23,0.06028166317430473,-0.036260941984920865,-0.520065334834672,-0.8655302083647944,-0.9479204186377286,-0.07972305388679769,-0.5102010226389958
2018-09-01,0.49,0.1839819960629677,0.05248729984474319,-0.2333907139692851,-0.7200616646448548,-0.893910145283146,-0.3612455401113323,-0.6135914808225318
2018-10-01,0.76,0.4632108544807623,0.18641629595350706,-0.03151694928031483,-0.5300548145289222,-0.862760546049997,-0.6325638396803659,-0.6698419722020472
2018-11-01,0.9,0.731387578066933,0.42748877554767895,0.05987772920408986,-0.24209500971197367,-0.7345748152537215,-0.8210580238350542,-0.6636502531550007
2018-12-01,0.81,0.8705318762560844,0.7468797246113318,0.19038249633663792,-0.028859555061772266,-0.5211975721601553,-0.9491786750104537,-0.581195092007971
2019-01-01,0.75,0.8301773823882973,0.8816854023249304,0.43821171490317923,0.06615484079123826,-0.24950502446431008,-0.9266577718593896,-0.358661993084742
2019-02-01,0.72,0.7795529147001106,0.8353227651854468,0.7222713661564606,0.2066918387303011,-0.04248100299624924,-0.86986804259519,-0.17528029261614203
2019-03-01,0.71,0.7569187212956616,0.7697658693287693,0.8714203181757888,0.46983887443810496,0.06901262692555797,-0.7237877255245669,0.03209894195589231
2019-04-01,0.66,0.7554996080847984,0.7524105736612953,0.8235182108227932,0.7347486304813093,0.21327231324248444,-0.5176487946587095,0.17876485118272523
2019-05-01,0.54,0.7158204177812685,0.7446231321654246,0.7804614276712074,0.8756990190588082,0.4640198344162137,-0.23976690924116625,0.28061616236202597
2019-06-01,0.45,0.6237365573075926,0.6927391634542222,0.7428267390019887,0.811928383099942,0.7400345013331927,-0.03225537448072227,0.2932113825145804
2019-07-01,0.28,0.4931791788112838,0.6242160491194801,0.7345494103317735,0.76594966115565,0.8838833928941632,0.062408528045638775,0.1526387028661283
2019-08-01,0.14,0.32393379489658064,0.500417041374879,0.6881383471668628,0.7383236512216904,0.8156605857997432,0.2090781154567924,-0.09292163160100116
2019-09-01,0.19,0.20381942619074184,0.35720430540350095,0.5622728560757195,0.7286377356597844,0.7649094637113164,0.46910157826451093,-0.36454031755978206
2019-10-01,0.35,0.17736966596347528,0.20812435232609083,0.47247408126714585,0.680165156404444,0.7354839203703676,0.7261865966353359,-0.631452220390146
2019-11-01,0.51,0.2667593582025494,0.1724007377922006,0.30408093039897705,0.5603451764817092,0.7283396285018415,0.8804250540589521,-0.8232514553557782
2019-12-01,0.55,0.4369113031577265,0.258560137804029,0.22671278190103497,0.468562067469432,0.6761933817202678,0.8159581106481619,-0.9498865866305651
2020-01-01,0.5,0.5050432975019132,0.42995160123043497,0.2049035047222479,0.2990279047354513,0.5617182633827199,0.7610691138220383,-0.9260679839297987
2020-02-01,0.48,0.5042668610573511,0.5190062022393205,0.25429486125683004,0.16598804326311933,0.46945158675546483,0.7348222959478434,-0.8684511531317268
2020-03-01,0.4,0.5064059485114877,0.48791188165893445,0.41269855128523253,0.21309671681854894,0.2992520303282594,0.7308160127089376,-0.7199475995468873
2020-04-01,0.19,0.4683310077314591,0.5045025002796859,0.5079979115636606,0.3362064879881469,0.16740070941522642,0.6796862778696751,-0.526726566518048
2020-05-01,-0.08,0.3203508383658793,0.43411964993604074,0.5101187255309465,0.41725653711520466,0.21387226332561035,0.5624347207967555,-0.23501269927571866
2020-06-01,-0.3,0.06268249908282342,0.32698050101119797,0.4965354149525257,0.5160728490886646,0.3344326072673831,0.4701392235469386,-0.027906451980347285
2020-07-01,-0.41,-0.17475943072181202,-0.04594944663279202,0.45322794183589943,0.5095215768573398,0.4232878984966621,0.2974331925970232,0.07541054180798132
2020-08-01,-0.57,-0.31720462256414544,-0.17310005208021365,0.21391183642629713,0.496869386005398,0.5175099330299097,0.16114664053173663,0.20457264233432845
2020-09-01,-0.89,-0.46892029424963333,-0.32219481649208825,0.07564137858274395,0.44546252876000275,0.509186212829175,0.21127683564224028,0.4743619516337092
2020-10-01,-1.17,-0.7383802410312731,-0.4383938467151614,-0.17101522465890828,0.29570136367762206,0.4903915306365817,0.3381103114849877,0.745443116333198
2020-11-01,-1.27,-1.0242711922911092,-0.722469119538468,-0.3279957416119929,0.06353191457292957,0.44204122324629036,0.4870348055065643,0.8817150679756759
2020-12-01,-1.19,-1.2182448383252222,-1.0145395608858065,-0.46893707401491797,-0.16705995118389075,0.32015346279189066,0.5280945055088557,0.8169034205841609
2021-01-01,-1.05,-1.1914085923208115,-1.2066084684051217,-0.7203543130451646,-0.34406502955619117,0.06992166864680915,0.5076981489309803,0.7674393864154517
2021-02-01,-0.93,-1.135363153743272,-1.2002165709522044,-0.9861788763029565,-0.4653869455426646,-0.17734932136905512,0.4947361715578274,0.7376885059189174
2021-03-01,-0.84,-1.0088259667030297,-1.0879830483800017,-1.202962367064016,-0.6994213278896593,-0.33939424962262466,0.455172510285937,0.7304936924609812
2021-04-01,-0.66,-0.8941639846077105,-0.9636120807371313,-1.2068039373021338,-1.007612128410029,-0.46221721868470417,0.3139900546230598,0.681756394448007
2021-05-01,-0.48,-0.761091533204535,-0.8710660168177433,-1.1365363666686765,-1.202489280968063,-0.6894615177907852,0.07084203208354387,0.5597608078846699
2021-06-01,-0.38,-0.5847877358818283,-0.7696333517367092,-0.95049804736835,-1.2141691099612637,-1.0091246598331356,-0.18644601162911134,0.4654896088340376
2021-07-01,-0.4,-0.4505438598780026,-0.5846929754248071,-0.8634631802942024,-1.1272510173924726,-1.1976046794995507,-0.3335395502129614,0.31140134676801395
2021-08-01,-0.49,-0.41115026758775036,-0.45856301516830467,-0.6807163590723406,-1.0106905461928026,-1.208352308672936,-0.46806353763724273,0.15610662734637706
2021-09-01,-0.67,-0.48180654394197764,-0.42546742257196585,-0.5933536591080517,-0.898164614811322,-1.1123548472985276,-0.7111056646329863,0.18746196633326176
2021-10-01,-0.81,-0.5812852115464789,-0.4633661181526417,-0.4585381085517138,-0.6896927038564523,-1.0130488111537914,-1.0219031698566958,0.32567737365375515
2021-11-01,-0.98,-0.7327183738181665,-0.588009386938819,-0.4166643599557401,-0.5112942536968564,-0.9087514786217344,-1.2157348047097811,0.49204759381338853
2021-12-01,-0.98,-0.8829976244174782,-0.7139597414603334,-0.4592854611035167,-0.44889385166782847,-0.7707216836301845,-1.1617896823975478,0.5334240670885422
2022-01-01,-0.97,-0.9550544057551658,-0.8877042036001315,-0.5686990312768372,-0.4242519237167062,-0.5958081727622165,-1.110868451304163,0.5018107673467125
2022-02-01,-0.93,-0.9343609248017141,-0.9566968979200743,-0.7177804550429563,-0.45363700863352896,-0.409934150081867,-0.9979164113834476,0.4970032649988635
2022-03-01,-0.99,-0.9319514840534662,-0.9430901211276074,-0.8705802454360707,-0.5648482029482602,-0.41904533323901216,-0.9031701302278996,0.41973858019826427
2022-04-01,-1.06,-0.9372401191318034,-0.9222725994380493,-0.9551439738252417,-0.7166744841879271,-0.47226784706832076,-0.7659812939132394,0.21207055258015078
2022-05-01,-0.99,-0.9963856702898074,-0.9556091905311933,-0.9452144259437316,-0.8713175586204189,-0.6448932213677224,-0.5821701375035487,-0.05475171195228215
2022-06-01,-0.85,-0.9878476327905856,-0.9648490375868175,-0.9292610658417902,-0.9609746577461072,-0.7182648436193307,-0.4493355074802686,-0.2782035236973895
2022-07-01,-0.81,-0.934756161006234,-0.9952001604234239,-0.9493121119321418,-0.9463816542379009,-0.8791789776615752,-0.408156331567599,-0.3915600466992092
2022-08-01,-0.91,-0.916612276197919,-0.9407683654280707,-0.9988525747584464,-0.9482869891026507,-0.9548018708629634,-0.44994239090851784,-0.5513734430323453
2022-09-01,-1.01,-0.8942295679436126,-0.9098024694342689,-0.9985397355300056,-0.9507956346205011,-0.9547025827531566,-0.568663713808949,-0.855773224271913
2022-10-01,-0.99,-0.9495470157757477,-0.8864332317807845,-0.9582024003711326,-1.0023123300711092,-0.9508434083552327,-0.7825899157624848,-1.1412861428374679
2022-11-01,-0.92,-0.982437542892334,-0.9393004675436272,-0.8527113116558157,-1.0050862325657781,-0.957083373414829,-0.9530516543202099,-1.2486291497171114
2022-12-01,-0.82,-0.9516911770936224,-0.9628073765347093,-0.8827150514861186,-0.9470317404996726,-1.00134501215385,-0.9574495373872564,-1.1963108047533533
